﻿Designator,Quantity,Value,Footprint,Package,MPN,DNP,Mount_Type,PARTREV,STANDARD,MAXIMUM_PACKAGE_HEIGHT,MANUFACTURER,Description,Sim.Pins,SNAPEDA_PN
5v_in1,1,10164359-00011LF,AMPHENOL_10164359-00011LF,,,,smt,A,Manufacturer Recommendations,3.26 mm,Amphenol,,,
"C1, C2, C5, C6, C7",5,0.1µF,C_0805_2012Metric_Pad1.18x1.45mm_HandSolder,,,,smt,,,,,"Unpolarized capacitor, 50v",,
"C3, C4",2,10µF,CP_Radial_D5.0mm_P2.50mm,,,,tht,,,,,"Polarized capacitor, 50v",,
"D1, D2",2,LED,LED_1206_3216Metric_Pad1.42x1.75mm,,,,smt,,,,,Light emitting diode,1=K 2=A,
J1,1,Raspberry Pi Header,PinHeader_2x20_P2.54mm_Vertical,,,,tht,,,,,"Generic connector, double row, 02x20, odd/even pin numbering scheme (row 1 odd numbers, row 2 even numbers), script generated (kicad-library-utils/schlib/autogen/connector/)",,
J2,1,Relay terminal 1,PHOENIX_1990083,,,,tht,,,,,"Generic screw terminal, single row, 01x10, script generated (kicad-library-utils/schlib/autogen/connector/)",,
J3,1,Relay terminal 2,PHOENIX_1990083,,,,tht,,,,,"Generic screw terminal, single row, 01x10, script generated (kicad-library-utils/schlib/autogen/connector/)",,
J4,1,I2C 5V 1,PinHeader_1x04_P2.54mm_Vertical,,,,tht,,,,,"Generic connector, single row, 01x04, script generated",,
J5,1,I2C 5V 2,PinHeader_1x04_P2.54mm_Vertical,,,,tht,,,,,"Generic connector, single row, 01x04, script generated",,
J6,1,Screw_Terminal_01x03,PHOENIX_1729131,,,,tht,,,,,"Generic screw terminal, single row, 01x03, script generated (kicad-library-utils/schlib/autogen/connector/)",,
J7,1,Relay Header,PinHeader_1x05_P2.54mm_Vertical,,,,tht,,,,,"Generic connector, single row, 01x05, script generated",,
"J8, J9",2,Expansion,Molex_SL_171971-0010_1x10_P2.54mm_Vertical,,,,tht,,,,,"Generic connector, single row, 01x10, script generated",,
"R1, R2",2,10k,R_1206_3216Metric_Pad1.30x1.75mm_HandSolder,,,,smt,,,,,Resistor 1/8 watt,,
R3,1,1.5k,R_1206_3216Metric_Pad1.30x1.75mm_HandSolder,,,,smt,,,,,Resistor 1/8 watt,,
"R4, R5",2,5.1k,R_1206_3216Metric_Pad1.30x1.75mm_HandSolder,,,,smt,,,,,,,
R6,1,470,R_1206_3216Metric_Pad1.30x1.75mm_HandSolder,,,,smt,,,,,Resistor 1/8 watt,,
R7,1,2k,R_1206_3216Metric_Pad1.30x1.75mm_HandSolder,,,,smt,,,,,Resistor 1/8 watt,,
R8,1,3.3k,R_1206_3216Metric_Pad1.30x1.75mm_HandSolder,,,,smt,,,,,Resistor 1/8 watt,,
SW1,1,SW_Slide_DPDT,DPDT Slide switch - CL-SB-22C-02,,,,smt,,,,,"Slide Switch, dual pole double throw",,
"U1, U2",2,74HC595,DIP-16_W7.62mm_Socket,,,,tht,,,,,8-bit serial in/out Shift Register 3-State Outputs,,
U3,1,113991054,MODULE_113991054,,,,tht,23/05/2022,Manufacturer Recommendations,N/A,Seeed Technology,Seeed Technology XIAO ESP32C3,,113991054
U4,1,LSF0102DCUR,SOP50P310X90-8N,,,,smt,,,,,IC XLTR VL BIDIR 8-VSSOP LSF0102 2 Channel Auto-Bidirectional Multi-Voltage Level Translator,,
