﻿pos_x,pos_y,rotation,side,designator,mpn,pack,footprint,value,mount_type
110.25,-127.53,0.0,top,5v_in1,,,AMPHENOL_10164359-00011LF,10164359-00011LF,smt
152.5,-110.5,-90.0,top,C1,,,C_0805_2012Metric_Pad1.18x1.45mm_HandSolder,0.1µF,smt
124.75,-95.7125,90.0,top,C2,,,C_0805_2012Metric_Pad1.18x1.45mm_HandSolder,0.1µF,smt
148.0,-92.0,0.0,top,C3,,,CP_Radial_D5.0mm_P2.50mm,10µF,tht
99.25,-85.5,0.0,top,C4,,,CP_Radial_D5.0mm_P2.50mm,10µF,tht
142.345157,-84.404749,180.0,top,C5,,,C_0805_2012Metric_Pad1.18x1.45mm_HandSolder,0.1µF,smt
130.595157,-84.404749,0.0,top,C6,,,C_0805_2012Metric_Pad1.18x1.45mm_HandSolder,0.1µF,smt
123.0,-127.0,-90.0,top,C7,,,C_0805_2012Metric_Pad1.18x1.45mm_HandSolder,0.1µF,smt
110.5,-85.5125,-90.0,top,D1,,,LED_1206_3216Metric_Pad1.42x1.75mm,LED,smt
159.0,-86.5,180.0,top,D2,,,LED_1206_3216Metric_Pad1.42x1.75mm,LED,smt
104.37,-79.77,90.0,top,J1,,,PinHeader_2x20_P2.54mm_Vertical,Raspberry Pi Header,tht
108.7,-117.5,90.0,top,J2,,,PHOENIX_1990083,Relay terminal 1,tht
168.3,-89.56,-90.0,top,J3,,,PHOENIX_1990083,Relay terminal 2,tht
137.79,-90.99,0.0,top,J4,,,PinHeader_1x04_P2.54mm_Vertical,I2C 5V 1,tht
135.25,-91.0,0.0,top,J5,,,PinHeader_1x04_P2.54mm_Vertical,I2C 5V 2,tht
162.1425,-83.825,0.0,top,J6,,,PHOENIX_1729131,Screw_Terminal_01x03,tht
161.63,-121.75,90.0,top,J7,,,PinHeader_1x05_P2.54mm_Vertical,Relay Header,tht
101.5,-92.07,-90.0,top,J8,,,Molex_SL_171971-0010_1x10_P2.54mm_Vertical,Expansion,tht
175.5,-115.11,90.0,top,J9,,,Molex_SL_171971-0010_1x10_P2.54mm_Vertical,Expansion,tht
125.0,-104.0,-90.0,top,R1,,,R_1206_3216Metric_Pad1.30x1.75mm_HandSolder,10k,smt
152.5,-102.25,90.0,top,R2,,,R_1206_3216Metric_Pad1.30x1.75mm_HandSolder,10k,smt
114.0,-85.5,-90.0,top,R3,,,R_1206_3216Metric_Pad1.30x1.75mm_HandSolder,1.5k,smt
107.5,-120.25,-90.0,top,R4,,,R_1206_3216Metric_Pad1.30x1.75mm_HandSolder,5.1k,smt
110.0,-120.25,-90.0,top,R5,,,R_1206_3216Metric_Pad1.30x1.75mm_HandSolder,5.1k,smt
159.127,-90.5,0.0,top,R6,,,R_1206_3216Metric_Pad1.30x1.75mm_HandSolder,470,smt
150.5,-121.5,0.0,top,R7,,,R_1206_3216Metric_Pad1.30x1.75mm_HandSolder,2k,smt
150.5,-117.25,180.0,top,R8,,,R_1206_3216Metric_Pad1.30x1.75mm_HandSolder,3.3k,smt
98.25,-119.1,0.0,top,SW1,,,DPDT Slide switch - CL-SB-22C-02,SW_Slide_DPDT,smt
113.19,-95.0,0.0,top,U1,,,DIP-16_W7.62mm_Socket,74HC595,tht
163.75,-112.78,180.0,top,U2,,,DIP-16_W7.62mm_Socket,74HC595,tht
136.37,-120.3965,180.0,top,U3,,,MODULE_113991054,113991054,tht
136.652657,-85.240842,180.0,top,U4,,,SOP50P310X90-8N,LSF0102DCUR,smt
